"DESCRIPTION","DURATION IN MS","NAME","PARENT SUITE","START TIME","STATUS","STOP TIME","SUB SUITE","SUITE","TEST CLASS","TEST METHOD"
"","35481","D_02: Kiểm tra các menu trên header được hiển thị đầy đủ","webkit","2026-09-20","broken","2026-09-20","TopBar / Header Feature - Test Cases (D_01 to D_08 & D_35)","ui\dashboard\header.spec.ts","",""
"","3420","D_28: Kiểm tra responsive trên màn hình nhỏ","chromium","2026-09-20","passed","2026-09-20","Dashboard Feature > UI / Responsive & Loading","ui\dashboard\dashboard.spec.ts","",""
"","0","D_39: Xem danh sách phim ở trang thứ 2, chọn phim John Cena WWE và kiểm tra hình ảnh poster/trailer phim","firefox","2026-09-20","skipped","2026-09-20","Movie Search & Listing Feature","ui\dashboard\moviesearch.spec.ts","",""
"","0","D_35: Kiểm tra hình ảnh lỗi sau khi click Xem Thêm trong mục Review","chromium","2026-09-20","skipped","2026-09-20","MuiContainer - News Section Feature","ui\dashboard\tintuc.spec.ts","",""
"","3719","D_02: Kiểm tra các menu trên header được hiển thị đầy đủ","chromium","2026-09-20","passed","2026-09-20","TopBar / Header Feature - Test Cases (D_01 to D_08 & D_35)","ui\dashboard\header.spec.ts","",""
"","12019","D_31: Kiểm tra danh sách rạp được hiển thị","webkit","2026-09-20","passed","2026-09-20","Dashboard Feature > Cinema List","ui\dashboard\dashboard.spec.ts","",""
"","0","D_35: Xem danh sách phim ở trang thứ 2, chọn phim John Cena WWE và kiểm tra hình ảnh poster/trailer phim","chromium","2026-09-20","skipped","2026-09-20","Movie Search & Listing Feature","ui\dashboard\moviesearch.spec.ts","",""
"","13931","D_19: Click nút 'Mua vé ngay' khi chỉ chọn Phim + Rạp","firefox","2026-09-20","passed","2026-09-20","Dashboard Feature > Movie Search (Quick Booking Bar)","ui\dashboard\dashboard.spec.ts","",""
"","8929","D_01: Kiểm tra logo CyberSoft được hiển thị trên header","chromium","2026-09-20","passed","2026-09-20","TopBar / Header Feature - Test Cases (D_01 to D_08 & D_35)","ui\dashboard\header.spec.ts","",""
"","1","D_35: Xem danh sách phim ở trang thứ 2, chọn phim John Cena WWE và kiểm tra hình ảnh poster/trailer phim","firefox","2026-09-20","skipped","2026-09-20","Movie Search & Listing Feature","ui\dashboard\moviesearch.spec.ts","",""
"","17537","D_25: Hiển thị nút 'Play' và 'Mua vé' khi rê chuột","webkit","2026-09-20","passed","2026-09-20","Dashboard Feature > Movie Listing","ui\dashboard\dashboard.spec.ts","",""
"","0","D_36: Kiểm tra hình ảnh lỗi sau khi click Xem Thêm trong mục Điện ảnh 24h","firefox","2026-09-20","skipped","2026-09-20","MuiContainer - News Section Feature","ui\dashboard\tintuc.spec.ts","",""
"","8792","D_12: Kiểm tra dropdown Rạp hiển thị danh sách rạp khi chưa chọn Phim","chromium","2026-09-20","passed","2026-09-20","Dashboard Feature > Movie Search (Quick Booking Bar)","ui\dashboard\dashboard.spec.ts","",""
"","36937","D_28: Kiểm tra responsive trên màn hình nhỏ","firefox","2026-09-20","broken","2026-09-20","Dashboard Feature > UI / Responsive & Loading","ui\dashboard\dashboard.spec.ts","",""
"","1","D_36: Kiểm tra hình ảnh lỗi sau khi click Xem Thêm trong mục Khuyến Mãi","firefox","2026-09-20","skipped","2026-09-20","MuiContainer - News Section Feature","ui\dashboard\tintuc.spec.ts","",""
"","0","D_26: Kiểm tra click vào hình poster hoặc nút 'Mua vé' trên thẻ phim","firefox","2026-09-20","skipped","2026-09-20","Movie Search & Listing Feature","ui\dashboard\moviesearch.spec.ts","",""
"","0","D_06: Kiểm tra điều hướng đến trang Ứng Dụng","firefox","2026-09-20","skipped","2026-09-20","TopBar / Header Feature - Test Cases (D_01 to D_08 & D_35)","ui\dashboard\header.spec.ts","",""
"","15732","D_18: Click nút 'Mua vé ngay' khi chỉ chọn Phim","firefox","2026-09-20","passed","2026-09-20","Dashboard Feature > Movie Search (Quick Booking Bar)","ui\dashboard\dashboard.spec.ts","",""
"","40015","D_01: Kiểm tra logo CyberSoft được hiển thị trên header","webkit","2026-09-20","broken","2026-09-20","TopBar / Header Feature - Test Cases (D_01 to D_08 & D_35)","ui\dashboard\header.spec.ts","",""
"","9239","D_39: Kiểm tra thông tin userlog và userprofile trên Header có trùng khớp hay không","chromium","2026-09-20","passed","2026-09-20","TopBar / Header Feature - Test Cases (D_01 to D_08 & D_35)","ui\dashboard\header.spec.ts","",""
"","8885","D_28: Kiểm tra responsive trên màn hình nhỏ","webkit","2026-09-20","passed","2026-09-20","Dashboard Feature > UI / Responsive & Loading","ui\dashboard\dashboard.spec.ts","",""
"","0","D_35: Xem danh sách phim ở trang thứ 2, chọn phim John Cena WWE và kiểm tra hình ảnh poster/trailer phim","webkit","2026-09-20","skipped","2026-09-20","Movie Search & Listing Feature","ui\dashboard\moviesearch.spec.ts","",""
"","17266","D_27: Kiểm tra giao diện trên màn hình desktop","webkit","2026-09-20","passed","2026-09-20","Dashboard Feature > UI / Responsive & Loading","ui\dashboard\dashboard.spec.ts","",""
"","6291","D_20: Kiểm tra tìm kiếm suất chiếu với đầy đủ thông tin","chromium","2026-09-20","passed","2026-09-20","Dashboard Feature > Movie Search (Quick Booking Bar)","ui\dashboard\dashboard.spec.ts","",""
"","13808","D_37: Kiểm tra hình ảnh lỗi sau khi click Xem Thêm trong mục Review","chromium","2026-09-20","failed","2026-09-20","MuiContainer - News Section Feature","ui\dashboard\tintuc.spec.ts","",""
"","17042","D_41: Kiểm tra logo hiển thị tại màn hình chi tiết phim John Cena WWE","chromium","2026-09-20","failed","2026-09-20","Movie Search & Listing Feature","ui\dashboard\moviesearch.spec.ts","",""
"","1","D_08: Kiểm tra hiển thị và điều hướng chức năng Đăng Ký","webkit","2026-09-20","skipped","2026-09-20","","ui\register.spec.ts","",""
"","0","D_04: Kiểm tra điều hướng đến trang Cụm Rạp","webkit","2026-09-20","skipped","2026-09-20","TopBar / Header Feature - Test Cases (D_01 to D_08 & D_35)","ui\dashboard\header.spec.ts","",""
"","6421","D_19: Click nút 'Mua vé ngay' khi chỉ chọn Phim + Rạp","chromium","2026-09-20","passed","2026-09-20","Dashboard Feature > Movie Search (Quick Booking Bar)","ui\dashboard\dashboard.spec.ts","",""
"","12101","D_15: Kiểm tra dropdown Ngày giờ chiếu hiển thị các suất chiếu đã chọn Phim và Rạp","firefox","2026-09-20","passed","2026-09-20","Dashboard Feature > Movie Search (Quick Booking Bar)","ui\dashboard\dashboard.spec.ts","",""
"","40069","D_18: Click nút 'Mua vé ngay' khi chỉ chọn Phim","webkit","2026-09-20","broken","2026-09-20","Dashboard Feature > Movie Search (Quick Booking Bar)","ui\dashboard\dashboard.spec.ts","",""
"","0","D_38: Kiểm tra hình ảnh lỗi sau khi click Xem Thêm trong mục Khuyến Mãi","webkit","2026-09-20","skipped","2026-09-20","MuiContainer - News Section Feature","ui\dashboard\tintuc.spec.ts","",""
"","0","D_36: Kiểm tra hình ảnh lỗi sau khi click Xem Thêm trong mục Điện ảnh 24h","webkit","2026-09-20","skipped","2026-09-20","MuiContainer - News Section Feature","ui\dashboard\tintuc.spec.ts","",""
"","2","D_34: Kiểm tra đăng nhập thành công với tài khoản hợp lệ","webkit","2026-09-20","failed","2026-09-20","Login Feature","ui\login.spec.ts","",""
"","18458","D_17: Click nút 'Mua vé ngay' khi chưa chọn Phim + Rạp + Ngày giờ chiếu","webkit","2026-09-20","passed","2026-09-20","Dashboard Feature > Movie Search (Quick Booking Bar)","ui\dashboard\dashboard.spec.ts","",""
"","6833","D_06: Kiểm tra điều hướng đến trang Ứng Dụng","chromium","2026-09-20","passed","2026-09-20","TopBar / Header Feature - Test Cases (D_01 to D_08 & D_35)","ui\dashboard\header.spec.ts","",""
"","2","D_07: Kiểm tra hiển thị và điều hướng chức năng Đăng Nhập","webkit","2026-09-20","failed","2026-09-20","Login Feature","ui\login.spec.ts","",""
"","0","D_07: Kiểm tra hiển thị và điều hướng chức năng Đăng Nhập","firefox","2026-09-20","skipped","2026-09-20","TopBar / Header Feature - Test Cases (D_01 to D_08 & D_35)","ui\dashboard\header.spec.ts","",""
"","0","D_34: Kiểm tra hình ảnh lỗi sau khi click Xem Thêm trong mục Điện ảnh 24h","firefox","2026-09-20","skipped","2026-09-20","MuiContainer - News Section Feature","ui\dashboard\tintuc.spec.ts","",""
"","1","D_08: Kiểm tra hiển thị và điều hướng chức năng Đăng Ký","firefox","2026-09-20","skipped","2026-09-20","","ui\register.spec.ts","",""
"","19716","D_25: Hiển thị nút 'Play' và 'Mua vé' khi rê chuột","firefox","2026-09-20","failed","2026-09-20","Dashboard Feature > Movie Listing","ui\dashboard\dashboard.spec.ts","",""
"","1","D_35: Kiểm tra hình ảnh lỗi sau khi click Xem Thêm trong mục Review","firefox","2026-09-20","skipped","2026-09-20","MuiContainer - News Section Feature","ui\dashboard\tintuc.spec.ts","",""
"","16594","D_29: Kiểm tra trạng thái loading khi tải dữ liệu phim","webkit","2026-09-20","passed","2026-09-20","Dashboard Feature > UI / Responsive & Loading","ui\dashboard\dashboard.spec.ts","",""
"","40049","D_32: Kiểm tra hiển thị nội dung danh sách rạp phim","firefox","2026-09-20","broken","2026-09-20","Dashboard Feature > Cinema List","ui\dashboard\dashboard.spec.ts","",""
"","19528","D_02: Kiểm tra các menu trên header được hiển thị đầy đủ","firefox","2026-09-20","passed","2026-09-20","TopBar / Header Feature - Test Cases (D_01 to D_08 & D_35)","ui\dashboard\header.spec.ts","",""
"","32","D_07: Kiểm tra hiển thị và điều hướng chức năng Đăng Nhập","firefox","2026-09-20","failed","2026-09-20","Login Feature","ui\login.spec.ts","",""
"","3748","D_27: Kiểm tra giao diện trên màn hình desktop","chromium","2026-09-20","passed","2026-09-20","Dashboard Feature > UI / Responsive & Loading","ui\dashboard\dashboard.spec.ts","",""
"","33087","D_14: Kiểm tra dropdown Ngày giờ chiếu hiển thị các suất chiếu khi chưa chọn Phim và Rạp","webkit","2026-09-20","broken","2026-09-20","Dashboard Feature > Movie Search (Quick Booking Bar)","ui\dashboard\dashboard.spec.ts","",""
"","2593","D_04: Kiểm tra điều hướng đến trang Cụm Rạp","chromium","2026-09-20","passed","2026-09-20","TopBar / Header Feature - Test Cases (D_01 to D_08 & D_35)","ui\dashboard\header.spec.ts","",""
"","12137","D_33: Chọn một rạp để xem lịch chiếu","webkit","2026-09-20","passed","2026-09-20","Dashboard Feature > Cinema List","ui\dashboard\dashboard.spec.ts","",""
"","40083","D_29: Kiểm tra trạng thái loading khi tải dữ liệu phim","firefox","2026-09-20","broken","2026-09-20","Dashboard Feature > UI / Responsive & Loading","ui\dashboard\dashboard.spec.ts","",""
"","26357","D_09: Kiểm tra slider banner hiển thị hình ảnh","webkit","2026-09-20","failed","2026-09-20","Dashboard Feature > Banner","ui\dashboard\dashboard.spec.ts","",""
"","0","D_41: Kiểm tra logo hiển thị tại màn hình chi tiết phim John Cena WWE","webkit","2026-09-20","skipped","2026-09-20","Movie Search & Listing Feature","ui\dashboard\moviesearch.spec.ts","",""
"","30166","D_05: Kiểm tra điều hướng đến trang Tin Tức","webkit","2026-09-20","broken","2026-09-20","TopBar / Header Feature - Test Cases (D_01 to D_08 & D_35)","ui\dashboard\header.spec.ts","",""
"","15234","D_20: Kiểm tra tìm kiếm suất chiếu với đầy đủ thông tin","firefox","2026-09-20","passed","2026-09-20","Dashboard Feature > Movie Search (Quick Booking Bar)","ui\dashboard\dashboard.spec.ts","",""
"","30991","D_22: Kiểm tra pagination của danh sách phim","webkit","2026-09-20","broken","2026-09-20","Dashboard Feature > Movie Listing","ui\dashboard\dashboard.spec.ts","",""
"","14062","D_12: Kiểm tra dropdown Rạp hiển thị danh sách rạp khi chưa chọn Phim","webkit","2026-09-20","passed","2026-09-20","Dashboard Feature > Movie Search (Quick Booking Bar)","ui\dashboard\dashboard.spec.ts","",""
"","18043","D_39: Xem danh sách phim ở trang thứ 2, chọn phim John Cena WWE và kiểm tra hình ảnh poster/trailer phim","chromium","2026-09-20","failed","2026-09-20","Movie Search & Listing Feature","ui\dashboard\moviesearch.spec.ts","",""
"","4925","D_33: Chọn một rạp để xem lịch chiếu","chromium","2026-09-20","passed","2026-09-20","Dashboard Feature > Cinema List","ui\dashboard\dashboard.spec.ts","",""
"","36976","D_32: Kiểm tra hiển thị nội dung danh sách rạp phim","webkit","2026-09-20","failed","2026-09-20","Dashboard Feature > Cinema List","ui\dashboard\dashboard.spec.ts","",""
"","1","D_35: Kiểm tra chức năng Quên mật khẩu","webkit","2026-09-20","skipped","2026-09-20","Login Feature","ui\login.spec.ts","",""
"","1","D_35: Kiểm tra hình ảnh lỗi sau khi click Xem Thêm trong mục Review","webkit","2026-09-20","skipped","2026-09-20","MuiContainer - News Section Feature","ui\dashboard\tintuc.spec.ts","",""
"","8440","D_26: Kiểm tra click vào hình poster hoặc nút 'Mua vé' trên thẻ phim","chromium","2026-09-20","passed","2026-09-20","Movie Search & Listing Feature","ui\dashboard\moviesearch.spec.ts","",""
"","0","D_08: Kiểm tra hiển thị và điều hướng chức năng Đăng Ký","webkit","2026-09-20","skipped","2026-09-20","TopBar / Header Feature - Test Cases (D_01 to D_08 & D_35)","ui\dashboard\header.spec.ts","",""
"","0","D_04: Kiểm tra điều hướng đến trang Cụm Rạp","firefox","2026-09-20","skipped","2026-09-20","TopBar / Header Feature - Test Cases (D_01 to D_08 & D_35)","ui\dashboard\header.spec.ts","",""
"","0","Verify register function with POM(Page Object Model)","chromium","2026-09-20","skipped","2026-09-20","","ui\register.spec.ts","",""
"","0","D_07: Kiểm tra hiển thị và điều hướng chức năng Đăng Nhập","webkit","2026-09-20","skipped","2026-09-20","TopBar / Header Feature - Test Cases (D_01 to D_08 & D_35)","ui\dashboard\header.spec.ts","",""
"","0","D_39: Kiểm tra thông tin userlog và userprofile trên Header có trùng khớp hay không","webkit","2026-09-20","skipped","2026-09-20","TopBar / Header Feature - Test Cases (D_01 to D_08 & D_35)","ui\dashboard\header.spec.ts","",""
"","0","D_41: Kiểm tra logo hiển thị tại màn hình chi tiết phim John Cena WWE","firefox","2026-09-20","skipped","2026-09-20","Movie Search & Listing Feature","ui\dashboard\moviesearch.spec.ts","",""
"","14198","D_30: Kiểm tra giao diện khi API lấy danh sách phim bị lỗi","webkit","2026-09-20","passed","2026-09-20","Dashboard Feature > UI / Responsive & Loading","ui\dashboard\dashboard.spec.ts","",""
"","5260","D_07: Kiểm tra hiển thị và điều hướng chức năng Đăng Nhập","chromium","2026-09-20","passed","2026-09-20","Login Feature","ui\login.spec.ts","",""
"","0","D_39: Kiểm tra thông tin userlog và userprofile trên Header có trùng khớp hay không","firefox","2026-09-20","skipped","2026-09-20","TopBar / Header Feature - Test Cases (D_01 to D_08 & D_35)","ui\dashboard\header.spec.ts","",""
"","40054","D_20: Kiểm tra tìm kiếm suất chiếu với đầy đủ thông tin","webkit","2026-09-20","broken","2026-09-20","Dashboard Feature > Movie Search (Quick Booking Bar)","ui\dashboard\dashboard.spec.ts","",""
"","7146","D_24: Nhãn phân loại độ tuổi","firefox","2026-09-20","failed","2026-09-20","Dashboard Feature > Movie Listing","ui\dashboard\dashboard.spec.ts","",""
"","1","D_35: Kiểm tra chức năng Quên mật khẩu","firefox","2026-09-20","skipped","2026-09-20","Login Feature","ui\login.spec.ts","",""
"","1","D_34: Kiểm tra hình ảnh lỗi sau khi click Xem Thêm trong mục Điện ảnh 24h","chromium","2026-09-20","skipped","2026-09-20","MuiContainer - News Section Feature","ui\dashboard\tintuc.spec.ts","",""
"","40306","D_31: Kiểm tra danh sách rạp được hiển thị","firefox","2026-09-20","broken","2026-09-20","Dashboard Feature > Cinema List","ui\dashboard\dashboard.spec.ts","",""
"","10823","D_38: Kiểm tra hình ảnh lỗi sau khi click Xem Thêm trong mục Khuyến Mãi","chromium","2026-09-20","failed","2026-09-20","MuiContainer - News Section Feature","ui\dashboard\tintuc.spec.ts","",""
"","24951","D_23: Kiểm tra thông tin hiển thị trên thẻ phim","webkit","2026-09-20","passed","2026-09-20","Dashboard Feature > Movie Listing","ui\dashboard\dashboard.spec.ts","",""
"","5073","D_31: Kiểm tra danh sách rạp được hiển thị","chromium","2026-09-20","passed","2026-09-20","Dashboard Feature > Cinema List","ui\dashboard\dashboard.spec.ts","",""
"","4787","D_21: Kiểm tra danh sách phim trên trang chủ được hiển thị","chromium","2026-09-20","passed","2026-09-20","Dashboard Feature > Movie Listing","ui\dashboard\dashboard.spec.ts","",""
"","7693","D_16: Kiểm tra dropdown Ngày giờ chiếu hiển thị các suất chiếu khi chỉ chọn Phim","chromium","2026-09-20","passed","2026-09-20","Dashboard Feature > Movie Search (Quick Booking Bar)","ui\dashboard\dashboard.spec.ts","",""
"","2147","D_24: Nhãn phân loại độ tuổi","chromium","2026-09-20","passed","2026-09-20","Dashboard Feature > Movie Listing","ui\dashboard\dashboard.spec.ts","",""
"","8420","D_30: Kiểm tra giao diện khi API lấy danh sách phim bị lỗi","chromium","2026-09-20","passed","2026-09-20","Dashboard Feature > UI / Responsive & Loading","ui\dashboard\dashboard.spec.ts","",""
"","18435","D_11: Tìm kiếm bằng chữ cái tên phim trong danh sách phim","webkit","2026-09-20","passed","2026-09-20","Dashboard Feature > Movie Search (Quick Booking Bar)","ui\dashboard\dashboard.spec.ts","",""
"","0","D_37: Kiểm tra hình ảnh lỗi sau khi click Xem Thêm trong mục Review","webkit","2026-09-20","skipped","2026-09-20","MuiContainer - News Section Feature","ui\dashboard\tintuc.spec.ts","",""
"","11014","D_22: Kiểm tra pagination của danh sách phim","firefox","2026-09-20","passed","2026-09-20","Dashboard Feature > Movie Listing","ui\dashboard\dashboard.spec.ts","",""
"","17612","D_36: Kiểm tra hình ảnh lỗi sau khi click Xem Thêm trong mục Điện ảnh 24h","chromium","2026-09-20","failed","2026-09-20","MuiContainer - News Section Feature","ui\dashboard\tintuc.spec.ts","",""
"","8779","D_05: Kiểm tra điều hướng đến trang Tin Tức","chromium","2026-09-20","passed","2026-09-20","TopBar / Header Feature - Test Cases (D_01 to D_08 & D_35)","ui\dashboard\header.spec.ts","",""
"","0","D_36: Kiểm tra logo hiển thị tại màn hình chi tiết phim John Cena WWE","chromium","2026-09-20","skipped","2026-09-20","Movie Search & Listing Feature","ui\dashboard\moviesearch.spec.ts","",""
"","4589","D_03: Kiểm tra điều hướng đến trang Lịch Chiếu","chromium","2026-09-20","passed","2026-09-20","TopBar / Header Feature - Test Cases (D_01 to D_08 & D_35)","ui\dashboard\header.spec.ts","",""
"","40036","I_01: Kiểm tra chức năng Quên mật khẩu","firefox","2026-09-20","broken","2026-09-20","Login Feature","ui\login.spec.ts","",""
"","33968","D_14: Kiểm tra dropdown Ngày giờ chiếu hiển thị các suất chiếu khi chưa chọn Phim và Rạp","firefox","2026-09-20","broken","2026-09-20","Dashboard Feature > Movie Search (Quick Booking Bar)","ui\dashboard\dashboard.spec.ts","",""
"","0","D_39: Xem danh sách phim ở trang thứ 2, chọn phim John Cena WWE và kiểm tra hình ảnh poster/trailer phim","webkit","2026-09-20","skipped","2026-09-20","Movie Search & Listing Feature","ui\dashboard\moviesearch.spec.ts","",""
"","17287","D_12: Kiểm tra dropdown Rạp hiển thị danh sách rạp khi chưa chọn Phim","firefox","2026-09-20","passed","2026-09-20","Dashboard Feature > Movie Search (Quick Booking Bar)","ui\dashboard\dashboard.spec.ts","",""
"","17904","D_24: Nhãn phân loại độ tuổi","webkit","2026-09-20","passed","2026-09-20","Dashboard Feature > Movie Listing","ui\dashboard\dashboard.spec.ts","",""
"","5045","D_22: Kiểm tra pagination của danh sách phim","chromium","2026-09-20","passed","2026-09-20","Dashboard Feature > Movie Listing","ui\dashboard\dashboard.spec.ts","",""
"","25385","D_30: Kiểm tra giao diện khi API lấy danh sách phim bị lỗi","firefox","2026-09-20","passed","2026-09-20","Dashboard Feature > UI / Responsive & Loading","ui\dashboard\dashboard.spec.ts","",""
"","4042","D_34: Kiểm tra đăng nhập thành công với tài khoản hợp lệ","firefox","2026-09-20","failed","2026-09-20","Login Feature","ui\login.spec.ts","",""
"","1","D_38: Kiểm tra hình ảnh lỗi sau khi click Xem Thêm trong mục Khuyến Mãi","firefox","2026-09-20","skipped","2026-09-20","MuiContainer - News Section Feature","ui\dashboard\tintuc.spec.ts","",""
"","40031","D_13: Kiểm tra dropdown Rạp hiển thị danh sách rạp khi đã chọn Phim","webkit","2026-09-20","broken","2026-09-20","Dashboard Feature > Movie Search (Quick Booking Bar)","ui\dashboard\dashboard.spec.ts","",""
"","36421","D_13: Kiểm tra dropdown Rạp hiển thị danh sách rạp khi đã chọn Phim","firefox","2026-09-20","broken","2026-09-20","Dashboard Feature > Movie Search (Quick Booking Bar)","ui\dashboard\dashboard.spec.ts","",""
"","9172","D_21: Kiểm tra danh sách phim trên trang chủ được hiển thị","firefox","2026-09-20","passed","2026-09-20","Dashboard Feature > Movie Listing","ui\dashboard\dashboard.spec.ts","",""
"","1","D_34: Kiểm tra hình ảnh lỗi sau khi click Xem Thêm trong mục Điện ảnh 24h","webkit","2026-09-20","skipped","2026-09-20","MuiContainer - News Section Feature","ui\dashboard\tintuc.spec.ts","",""
"","5179","D_23: Kiểm tra thông tin hiển thị trên thẻ phim","chromium","2026-09-20","passed","2026-09-20","Dashboard Feature > Movie Listing","ui\dashboard\dashboard.spec.ts","",""
"","0","Verify register function with POM(Page Object Model)","webkit","2026-09-20","skipped","2026-09-20","","ui\register.spec.ts","",""
"","32816","D_15: Kiểm tra dropdown Ngày giờ chiếu hiển thị các suất chiếu đã chọn Phim và Rạp","webkit","2026-09-20","broken","2026-09-20","Dashboard Feature > Movie Search (Quick Booking Bar)","ui\dashboard\dashboard.spec.ts","",""
"","5620","D_08: Kiểm tra hiển thị và điều hướng chức năng Đăng Ký","chromium","2026-09-20","passed","2026-09-20","","ui\register.spec.ts","",""
"","6035","D_18: Click nút 'Mua vé ngay' khi chỉ chọn Phim","chromium","2026-09-20","passed","2026-09-20","Dashboard Feature > Movie Search (Quick Booking Bar)","ui\dashboard\dashboard.spec.ts","",""
"","0","D_36: Kiểm tra logo hiển thị tại màn hình chi tiết phim John Cena WWE","webkit","2026-09-20","skipped","2026-09-20","Movie Search & Listing Feature","ui\dashboard\moviesearch.spec.ts","",""
"","40010","D_27: Kiểm tra giao diện trên màn hình desktop","firefox","2026-09-20","broken","2026-09-20","Dashboard Feature > UI / Responsive & Loading","ui\dashboard\dashboard.spec.ts","",""
"","9723","D_16: Kiểm tra dropdown Ngày giờ chiếu hiển thị các suất chiếu khi chỉ chọn Phim","firefox","2026-09-20","passed","2026-09-20","Dashboard Feature > Movie Search (Quick Booking Bar)","ui\dashboard\dashboard.spec.ts","",""
"","40038","D_09: Kiểm tra slider banner hiển thị hình ảnh","firefox","2026-09-20","broken","2026-09-20","Dashboard Feature > Banner","ui\dashboard\dashboard.spec.ts","",""
"","0","D_26: Kiểm tra click vào hình poster hoặc nút 'Mua vé' trên thẻ phim","webkit","2026-09-20","skipped","2026-09-20","Movie Search & Listing Feature","ui\dashboard\moviesearch.spec.ts","",""
"","9375","D_10: Kiểm tra dropdown Phim hiển thị danh sách phim","webkit","2026-09-20","passed","2026-09-20","Dashboard Feature > Movie Search (Quick Booking Bar)","ui\dashboard\dashboard.spec.ts","",""
"","1","D_36: Kiểm tra hình ảnh lỗi sau khi click Xem Thêm trong mục Khuyến Mãi","webkit","2026-09-20","skipped","2026-09-20","MuiContainer - News Section Feature","ui\dashboard\tintuc.spec.ts","",""
"","4832","D_05: Kiểm tra điều hướng đến trang Tin Tức","firefox","2026-09-20","passed","2026-09-20","TopBar / Header Feature - Test Cases (D_01 to D_08 & D_35)","ui\dashboard\header.spec.ts","",""
"","12881","D_10: Kiểm tra dropdown Phim hiển thị danh sách phim","chromium","2026-09-20","failed","2026-09-20","Dashboard Feature > Movie Search (Quick Booking Bar)","ui\dashboard\dashboard.spec.ts","",""
"","19929","D_16: Kiểm tra dropdown Ngày giờ chiếu hiển thị các suất chiếu khi chỉ chọn Phim","webkit","2026-09-20","passed","2026-09-20","Dashboard Feature > Movie Search (Quick Booking Bar)","ui\dashboard\dashboard.spec.ts","",""
"","0","D_08: Kiểm tra hiển thị và điều hướng chức năng Đăng Ký","firefox","2026-09-20","skipped","2026-09-20","TopBar / Header Feature - Test Cases (D_01 to D_08 & D_35)","ui\dashboard\header.spec.ts","",""
"","0","Verify register function with POM(Page Object Model)","firefox","2026-09-20","skipped","2026-09-20","","ui\register.spec.ts","",""
"","1","D_35: Kiểm tra chức năng Quên mật khẩu","chromium","2026-09-20","skipped","2026-09-20","Login Feature","ui\login.spec.ts","",""
"","7253","D_08: Kiểm tra hiển thị và điều hướng chức năng Đăng Ký","chromium","2026-09-20","passed","2026-09-20","TopBar / Header Feature - Test Cases (D_01 to D_08 & D_35)","ui\dashboard\header.spec.ts","",""
"","7680","D_07: Kiểm tra hiển thị và điều hướng chức năng Đăng Nhập","chromium","2026-09-20","passed","2026-09-20","TopBar / Header Feature - Test Cases (D_01 to D_08 & D_35)","ui\dashboard\header.spec.ts","",""
"","17568","D_10: Kiểm tra dropdown Phim hiển thị danh sách phim","firefox","2026-09-20","passed","2026-09-20","Dashboard Feature > Movie Search (Quick Booking Bar)","ui\dashboard\dashboard.spec.ts","",""
"","0","D_36: Kiểm tra hình ảnh lỗi sau khi click Xem Thêm trong mục Khuyến Mãi","chromium","2026-09-20","skipped","2026-09-20","MuiContainer - News Section Feature","ui\dashboard\tintuc.spec.ts","",""
"","0","I_01: Kiểm tra chức năng Quên mật khẩu","chromium","2026-09-20","skipped","2026-09-20","Login Feature","ui\login.spec.ts","",""
"","13632","D_15: Kiểm tra dropdown Ngày giờ chiếu hiển thị các suất chiếu đã chọn Phim và Rạp","chromium","2026-09-20","failed","2026-09-20","Dashboard Feature > Movie Search (Quick Booking Bar)","ui\dashboard\dashboard.spec.ts","",""
"","12891","D_03: Kiểm tra điều hướng đến trang Lịch Chiếu","firefox","2026-09-20","passed","2026-09-20","TopBar / Header Feature - Test Cases (D_01 to D_08 & D_35)","ui\dashboard\header.spec.ts","",""
"","0","D_36: Kiểm tra logo hiển thị tại màn hình chi tiết phim John Cena WWE","firefox","2026-09-20","skipped","2026-09-20","Movie Search & Listing Feature","ui\dashboard\moviesearch.spec.ts","",""
"","5113","D_17: Click nút 'Mua vé ngay' khi chưa chọn Phim + Rạp + Ngày giờ chiếu","chromium","2026-09-20","passed","2026-09-20","Dashboard Feature > Movie Search (Quick Booking Bar)","ui\dashboard\dashboard.spec.ts","",""
"","0","D_37: Kiểm tra hình ảnh lỗi sau khi click Xem Thêm trong mục Review","firefox","2026-09-20","skipped","2026-09-20","MuiContainer - News Section Feature","ui\dashboard\tintuc.spec.ts","",""
"","12817","D_25: Hiển thị nút 'Play' và 'Mua vé' khi rê chuột","chromium","2026-09-20","passed","2026-09-20","Dashboard Feature > Movie Listing","ui\dashboard\dashboard.spec.ts","",""
"","8694","D_14: Kiểm tra dropdown Ngày giờ chiếu hiển thị các suất chiếu khi chưa chọn Phim và Rạp","chromium","2026-09-20","passed","2026-09-20","Dashboard Feature > Movie Search (Quick Booking Bar)","ui\dashboard\dashboard.spec.ts","",""
"","3","D_34: Kiểm tra đăng nhập thành công với tài khoản hợp lệ","chromium","2026-09-20","skipped","2026-09-20","Login Feature","ui\login.spec.ts","",""
"","40022","D_01: Kiểm tra logo CyberSoft được hiển thị trên header","firefox","2026-09-20","broken","2026-09-20","TopBar / Header Feature - Test Cases (D_01 to D_08 & D_35)","ui\dashboard\header.spec.ts","",""
"","40071","D_19: Click nút 'Mua vé ngay' khi chỉ chọn Phim + Rạp","webkit","2026-09-20","broken","2026-09-20","Dashboard Feature > Movie Search (Quick Booking Bar)","ui\dashboard\dashboard.spec.ts","",""
"","17665","D_03: Kiểm tra điều hướng đến trang Lịch Chiếu","webkit","2026-09-20","passed","2026-09-20","TopBar / Header Feature - Test Cases (D_01 to D_08 & D_35)","ui\dashboard\header.spec.ts","",""
"","11288","D_23: Kiểm tra thông tin hiển thị trên thẻ phim","firefox","2026-09-20","failed","2026-09-20","Dashboard Feature > Movie Listing","ui\dashboard\dashboard.spec.ts","",""
"","19556","D_11: Tìm kiếm bằng chữ cái tên phim trong danh sách phim","firefox","2026-09-20","passed","2026-09-20","Dashboard Feature > Movie Search (Quick Booking Bar)","ui\dashboard\dashboard.spec.ts","",""
"","14220","D_17: Click nút 'Mua vé ngay' khi chưa chọn Phim + Rạp + Ngày giờ chiếu","firefox","2026-09-20","passed","2026-09-20","Dashboard Feature > Movie Search (Quick Booking Bar)","ui\dashboard\dashboard.spec.ts","",""
"","22122","D_21: Kiểm tra danh sách phim trên trang chủ được hiển thị","webkit","2026-09-20","passed","2026-09-20","Dashboard Feature > Movie Listing","ui\dashboard\dashboard.spec.ts","",""
"","2","I_01: Kiểm tra chức năng Quên mật khẩu","webkit","2026-09-20","failed","2026-09-20","Login Feature","ui\login.spec.ts","",""
"","40016","D_33: Chọn một rạp để xem lịch chiếu","firefox","2026-09-20","broken","2026-09-20","Dashboard Feature > Cinema List","ui\dashboard\dashboard.spec.ts","",""
"","21201","D_13: Kiểm tra dropdown Rạp hiển thị danh sách rạp khi đã chọn Phim","chromium","2026-09-20","failed","2026-09-20","Dashboard Feature > Movie Search (Quick Booking Bar)","ui\dashboard\dashboard.spec.ts","",""
"","22991","D_09: Kiểm tra slider banner hiển thị hình ảnh","chromium","2026-09-20","failed","2026-09-20","Dashboard Feature > Banner","ui\dashboard\dashboard.spec.ts","",""
"","0","D_06: Kiểm tra điều hướng đến trang Ứng Dụng","webkit","2026-09-20","skipped","2026-09-20","TopBar / Header Feature - Test Cases (D_01 to D_08 & D_35)","ui\dashboard\header.spec.ts","",""
"","12333","D_11: Tìm kiếm bằng chữ cái tên phim trong danh sách phim","chromium","2026-09-20","failed","2026-09-20","Dashboard Feature > Movie Search (Quick Booking Bar)","ui\dashboard\dashboard.spec.ts","",""
"","12051","D_29: Kiểm tra trạng thái loading khi tải dữ liệu phim","chromium","2026-09-20","passed","2026-09-20","Dashboard Feature > UI / Responsive & Loading","ui\dashboard\dashboard.spec.ts","",""
"","26514","D_32: Kiểm tra hiển thị nội dung danh sách rạp phim","chromium","2026-09-20","failed","2026-09-20","Dashboard Feature > Cinema List","ui\dashboard\dashboard.spec.ts","",""
